First,Last,UserName,Password
Iggy,Azalea,iga123,yay2
John,McMahon,jhmc90,aft5
Michael,Randolph,mran91,0ag81
Jacob,Holland,jhol2,a3ta
Edward,Snowden,esno1,ag3h5
Marcus,Aurelius,ma123,a89u
Dante,Alighieri,caveman123,89ash
Desiderius,Erasmus,dese123,pasfiw
Pontius,Pilate,pp990,asd125
John,Doe,jdoe123,pass124
Jane,Doe,jadoe123,sass124
Sponge,Robert,bobsponge96,imready12
Leonardo,Dicaprio,dicap123,nooscar3
James,Madison,jmad123,university2
George,Washington,gwash123,americawins
Queen,Elizabeth,qeliz123,england
King,Leonidas,leon123,sparta
Pharrel,Williams,pwill123,alwayshappy
John,Hancock,jhan123,letters
Will,Pharrel,wphar123,funny
Jesse,Pinkman,jpink123,bad
Eric,Andre,eandre123,chaos
Stonewall,Jackson,sjackson123,history
Thomas,Jefferson,tj123,constitution
Abraham,Lincoln,abe123,vampireslayer
Matt,Damon,mdamon123,movies
George,Lucas,glucas999,starwars
Samuel,Jackson,sjackson123,shield
Captain,America,capman123,americarocks
The,Hulk,thehulk,bigman
